Province,Year,Unlicensed Cannabis Sales,Tax Rate,Licensed Cannabis Sales,Unemployment Rates,"Police Rate (per 100,000 people)",Police officers Total,GDP(MILLIONS),TOTAL GDP,GDP Per Capita (2017 Constant Prices),Population,recreational dummy,age 15-19,age 19-24,TotalAge(15-24),Age(%15-24),"Property Crime Rate (per 100,000 people)","Violent Crime Rate (per 100,000 people)",Retail Sales (2017 Chained Dollars),Retail Licensing Fees
Newfoundland-and-Labrador,2007,62,0,0,13.7,164.6213414,838,"34,658","34,658,000,000",68084.08654,"509,047",0,"33,535","31,886","65,421",12.85166203,4075.72,1478.87,6527878,0
Newfoundland-and-Labrador,2008,62.2,0,0,13.3,172.8017139,884,"34,137","34,137,000,000",66730.00123,"511,569",0,"32,883","31,761","64,644",12.63641855,3858.91,1514.63,7009448,0
Newfoundland-and-Labrador,2009,63.3,0,0,15.8,177.4583399,917,"30,714","30,714,000,000",59437.90022,"516,741",0,"32,302","31,716","64,018",12.38879826,3972.88,1486.47,7120878,0
Newfoundland-and-Labrador,2010,64.7,0,0,14.9,179.8843683,939,"32,386","32,386,000,000",62041.90789,"522,002",0,"31,192","32,419","63,611",12.18596864,4031.83,1523.07,7452739,0
Newfoundland-and-Labrador,2011,66.7,0,0,13.1,178.1105047,935,"33,271","33,271,000,000",63378.7658,"524,955",0,"30,386","32,452","62,838",11.97016887,3804.96,1492,7833067,0
Newfoundland-and-Labrador,2012,68.8,0,0,12.7,175.9670109,926,"31,815","31,815,000,000",60457.78027,"526,235",0,"29,518","31,999","61,517",11.69002442,3580.16,1504.15,8170493,0
Newfoundland-and-Labrador,2013,68.4,0,0,11.9,174.0170032,917,"33,486","33,486,000,000",63545.62016,"526,960",0,"28,943","31,375","60,318",11.44640959,3558.81,1390.78,8593792,0
Newfoundland-and-Labrador,2014,70.3,0,0,12.4,169.5172074,895,"33,096","33,096,000,000",62685.37985,"527,970",0,"28,496","30,713","59,209",11.21446294,3287.84,1259.09,8911734,0
Newfoundland-and-Labrador,2015,72,0,0,13.1,168.2603133,889,"32,709","32,709,000,000",61908.0606,"528,348",0,"28,312","29,753","58,065",10.98991574,3383.34,1368.64,8971614,0
Newfoundland-and-Labrador,2016,71.2,0,0,13.7,171.832337,910,"33,201","33,201,000,000",62692.36725,"529,586",0,"27,992","29,353","57,345",10.82826963,3379.62,1326.89,9011404,0
Newfoundland-and-Labrador,2017,68.5,0,0,15.2,171.9705064,911,"33,689","33,689,000,000",63595.10856,"529,742",0,"27,735","28,951","56,686",10.70068071,2938.41,1315.55,9230205,0
Newfoundland-and-Labrador,2018,69.8,25,8.4,14,170.3248663,900,"32,836","32,836,000,000",62142.08122,"528,402",1,"27,295","28,633","55,928",10.58436569,2954,1346.7,9020379,125
Newfoundland-and-Labrador,2019,56.7,25,26.7,12.2,170.9489181,902,"34,157","34,157,000,000",64735.05761,"527,643",1,"26,973","28,601","55,574",10.53250019,3133.56,1543.66,9017543,125
Newfoundland-and-Labrador,2020,45.9,25,41,14.3,170.6,,"32,512","32,512,000,000",61706.18201,"526,884",1,"26,499","28,663","55,162",10.46947715,3115.3,1659.19,9175919,125
Newfoundland-and-Labrador,2021,43.9,25,69.6,13,166.775447,879,"32,836","32,836,000,000",62300.78018,"527,056",1,"26,116","28,371","54,487",10.33799065,3321.09,1805.31,10184456,125
Newfoundland-and-Labrador,2022,44.6,,90.8,11.3,165.4566434,879,"32,488","32,488,000,000",61153.07657,"531,257",1,"26,886","28,977","55,863",10.51524968,3672.63,1795.76,,
Newfoundland-and-Labrador,2023,45.4,,122.5,9.9,161.102027,868,"31,512","31,512,000,000",58486.71743,"538,789",1,"27,429","29,671","57,100",10.59784071,3960.24,1895.13,,
Newfoundland-and-Labrador,2024,42.9,,155.4,10,0,,"32,350","32,350,000,000",59154.93473,"546,869",1,"27,902","30,644","58,546",10.70567174,4172.97,1890.15,,
Prince Edward Island,2007,16.1,0,0,10.6,164.8403518,227,"5,748","5,748,000,000",41740.19127,"137,709",0,"9,933","9,103","19,036",13.82335214,4307.26,1128.37,1620817,0
Prince Edward Island,2008,16.1,0,0,11.2,166.5032868,231,"5,807","5,807,000,000",41856.47561,"138,736",0,"9,908","9,012","18,920",13.63741206,4440.63,1148.71,1702975,0
Prince Edward Island,2009,16.4,0,0,12,167.2946173,234,"5,842","5,842,000,000",41766.45957,"139,873",0,"9,803","9,052","18,855",13.48008551,4340.68,1275.11,1681645,0
Prince Edward Island,2010,16.8,0,0,11.5,168.0268843,238,"5,957","5,957,000,000",42056.14075,"141,644",0,"9,760","9,277","19,037",13.44003276,4366.94,1185.08,1770179,0
Prince Edward Island,2011,17.3,0,0,11.2,169.5409886,244,"6,085","6,085,000,000",42281.02114,"143,918",0,"9,757","9,486","19,243",13.37080838,4407.38,1157.24,1865814,0
Prince Edward Island,2012,17.9,0,0,11.2,171.0348648,247,"6,148","6,148,000,000",42571.75501,"144,415",0,"9,482","9,604","19,086",13.21607866,4642.63,1183.15,1921648,0
Prince Edward Island,2013,18.5,0,0,11.5,161.1760292,232,"6,256","6,256,000,000",43461.94995,"143,942",0,"9,127","9,448","18,575",12.9045032,4308.99,958.4,1939336,0
Prince Edward Island,2014,19,0,0,10.7,163.780839,236,"6,263","6,263,000,000",43464.38114,"144,095",0,"9,002","9,114","18,116",12.57226136,3351.75,855.26,2007179,0
Prince Edward Island,2015,19.7,0,0,10.7,156.2543212,226,"6,351","6,351,000,000",43910.22982,"144,636",0,"8,983","9,002","17,985",12.43466357,2905.65,749.24,2058695,0
Prince Edward Island,2016,19.7,0,0,10.8,154.5363569,227,"6,487","6,487,000,000",44161.99767,"146,891",0,"8,866","9,095","17,961",12.22743395,2950.49,800.59,2209100,0
Prince Edward Island,2017,19.3,0,0,10,148.2569788,222,"6,791","6,791,000,000",45351.94337,"149,740",0,"8,722","9,351","18,073",12.06958728,2610.52,922.93,2348795,0
Prince Edward Island,2018,19.4,25,3.7,9.9,141.8635352,216,"6,906","6,906,000,000",45356.92471,"152,259",1,"8,851","9,530","18,381",12.07219278,2995.55,1021.29,2410546,0
Prince Edward Island,2019,15.4,25,16.2,9,138.0045188,215,"7,222","7,222,000,000",46356.6807,"155,792",1,"8,981","10,453","19,434",12.47432474,3208.77,1286.97,2503400,0
Prince Edward Island,2020,12.7,25,19.4,10.6,136.15,,"7,003","7,003,000,000",43990.62773,"159,193",1,"9,137","11,541","20,678",12.9892646,2599.99,1274.55,2531909,0
Prince Edward Island,2021,12.2,25,27.9,9.8,138.1581788,224,"7,552","7,552,000,000",46579.04313,"162,133",1,"8,934","12,161","21,095",13.01092313,2602.8,1263.16,3012311,0
Prince Edward Island,2022,12.6,,36.9,7.7,135.1674641,226,"7,940","7,940,000,000",47488.03828,"167,200",1,"9,358","12,832","22,190",13.2715311,2883.75,1382.07,,
Prince Edward Island,2023,13,,44.9,7.2,132.9618843,231,"8,174","8,174,000,000",47048.93688,"173,734",1,"9,793","14,223","24,016",13.82343122,3354.38,1631.43,,
Prince Edward Island,2024,12.5,,53.1,8,0,,"8,482","8,482,000,000",47198.52651,"179,709",1,"10,148","14,736","24,884",13.84683015,3159.34,1513.86,,
Nova Scotia,2007,146.9,0,0,8.2,187.988417,"1,758","39,439","39,439,000,000",42173.35141,"935,164",0,"62,925","61,043","123,968",13.25628446,4604.57,1704.9,11617046,0
Nova Scotia,2008,147.5,0,0,7.9,199.1527461,"1,864","40,219","40,219,000,000",42970.6239,"935,965",0,"62,282","60,751","123,033",13.14504282,4166.09,1712.21,12090734,0
Nova Scotia,2009,149.3,0,0,9.4,200.0498792,"1,877","40,363","40,363,000,000",43018.71751,"938,266",0,"61,069","61,452","122,521",13.05823722,4185.17,1657.33,12105354,0
Nova Scotia,2010,151.7,0,0,9.6,202.9413763,"1,912","41,458","41,458,000,000",44003.889,"942,144",0,"59,425","63,019","122,444",12.99631479,4335.86,1567.39,12650627,0
Nova Scotia,2011,155.3,0,0,9,202.733835,"1,914","41,732","41,732,000,000",44203.17871,"944,095",0,"57,952","64,228","122,180",12.94149424,4027.01,1459,13098351,0
Nova Scotia,2012,159.5,0,0,9.3,205.0546936,"1,934","41,327","41,327,000,000",43817.45255,"943,163",0,"56,404","63,904","120,308",12.75580149,3956.61,1374.05,13211446,0
Nova Scotia,2013,164.4,0,0,9.1,201.6369301,"1,895","41,189","41,189,000,000",43827.03701,"939,808",0,"54,553","62,779","117,332",12.48467772,3483.82,1235.81,13638987,0
Nova Scotia,2014,169.2,0,0,9.1,200.9025687,"1,884","41,589","41,589,000,000",44348.92212,"937,768",0,"53,165","61,234","114,399",12.19907269,3332.92,1261.95,14018115,0
Nova Scotia,2015,174,0,0,8.9,197.8837638,"1,855","41,868","41,868,000,000",44663.05889,"937,419",0,"52,924","59,989","112,913",12.04509403,2970.34,1205.84,14046384,0
Nova Scotia,2016,173.3,0,0,8.4,193.2164279,"1,822","42,531","42,531,000,000",45102.56802,"942,984",0,"52,223","59,542","111,765",11.85226897,2862.89,1164.31,14709625,0
Nova Scotia,2017,168.2,0,0,8.7,192.2998155,"1,831","43,314","43,314,000,000",45490.30151,"952,159",0,"51,832","60,021","111,853",11.74730271,2871.37,1259.03,15863254,0
Nova Scotia,2018,170.5,25,18.7,7.9,193.3327235,"1,860","44,077","44,077,000,000",45814.65836,"962,072",1,"51,134","60,544","111,678",11.60807091,2856.96,1271.53,15893330,0
Nova Scotia,2019,140.1,25,71.7,7.5,189.7931849,"1,852","45,586","45,586,000,000",46716.58815,"975,799",1,"50,870","62,223","113,093",11.58978437,2834.7,1413.1,16299371,0
Nova Scotia,2020,115.2,25,94,9.9,190.35,,"43,513","43,513,000,000",43989.4942,"989,168",1,"50,171","63,071","113,242",11.44820698,2755.24,1501.06,15966335,0
Nova Scotia,2021,111,25,116.4,8.6,188.1173068,"1,881","46,290","46,290,000,000",46294.25907,"999,908",1,"48,907","62,837","111,744",11.17542814,3083.28,1504.24,18567240,0
Nova Scotia,2022,112.6,,130.2,6.6,183.0017363,"1,874","48,663","48,663,000,000",47520.8831,"1,024,034",1,"50,195","64,197","114,392",11.17072285,3424.97,1594.13,,
Nova Scotia,2023,116.4,,145.8,6.4,172.078955,"1,812","49,819","49,819,000,000",47311.26633,"1,053,005",1,"52,400","65,720","118,120",11.21742062,3395.31,1622.93,,
Nova Scotia,2024,110.8,,155.9,6.5,0,,"51,378","51,378,000,000",47450.56425,"1,082,769",1,"53,756","69,702","123,458",11.40206267,3532.51,1538.03,,
New Brunswick,2007,78.6,0,0,7.7,177.8839059,"1,326","34,342","34,342,000,000",46070.05353,"745,430",0,"48,594","47,186","95,780",12.84895966,3438.79,1385.82,9407766,0
New Brunswick,2008,79,0,0,8.7,181.4225941,"1,355","34,606","34,606,000,000",46334.39331,"746,875",0,"48,307","46,789","95,096",12.73251883,3423.56,1500.69,10018496,0
New Brunswick,2009,80,0,0,9,181.8773368,"1,364","34,105","34,105,000,000",45476.00126,"749,956",0,"47,956","46,678","94,634",12.61860696,3343.67,1545.83,10093912,0
New Brunswick,2010,81.4,0,0,9.4,185.648988,"1,398","34,783","34,783,000,000",46190.47746,"753,034",0,"47,269","47,211","94,480",12.54657824,3291.97,1519.17,10594701,0
New Brunswick,2011,83.1,0,0,9.6,182.2416919,"1,377","34,876","34,876,000,000",46157.30753,"755,590",0,"46,283","47,550","93,833",12.41850739,3038.62,1487.49,11103254,0
New Brunswick,2012,85.3,0,0,10.5,179.9185091,"1,364","34,507","34,507,000,000",45516.48088,"758,121",0,"44,736","47,216","91,952",12.12893456,3218.45,1467.74,11000734,0
New Brunswick,2013,87.7,0,0,10.4,177.2476759,"1,344","34,414","34,414,000,000",45385.42797,"758,261",0,"43,326","46,511","89,837",11.84776746,2841.76,1238.43,11073778,0
New Brunswick,2014,90.1,0,0,10.1,170.0373159,"1,290","34,454","34,454,000,000",45414.46266,"758,657",0,"41,972","45,628","87,600",11.54672006,2577.82,1168.42,11479270,0
New Brunswick,2015,92.5,0,0,10.1,168.3293249,"1,278","34,679","34,679,000,000",45676.78135,"759,226",0,"41,598","44,568","86,166",11.34918983,2952.66,1175.34,11730172,0
New Brunswick,2016,91.6,0,0,9.7,168.3431108,"1,285","34,959","34,959,000,000",45798.49657,"763,322",0,"41,075","43,777","84,852",11.11614758,2672,1188.18,11977924,0
New Brunswick,2017,88.7,0,0,8.3,160.9501537,"1,234","35,828","35,828,000,000",46730.32502,"766,697",0,"40,762","43,388","84,150",10.9756527,2926.58,1264.78,12791490,0
New Brunswick,2018,90.7,25,10.7,8.1,159.5074348,"1,229","36,218","36,218,000,000",47006.02338,"770,497",1,"40,418","42,902","83,320",10.8137994,3095.92,1347.7,13003393,0
New Brunswick,2019,76.6,25,51.2,8.2,160.9237098,"1,251","36,704","36,704,000,000",47214.5791,"777,387",1,"40,394","43,080","83,474",10.73776639,3299.13,1602.81,13277859,0
New Brunswick,2020,63,25,96.2,10.4,160.8,,"35,393","35,393,000,000",45176.86283,"783,432",1,"39,709","43,600","83,309",10.63385208,3268.31,1634.09,13419785,0
New Brunswick,2021,60.5,25,137.6,9.3,160.5964578,"1,270","37,271","37,271,000,000",47130.63447,"790,802",1,"39,276","44,232","83,508",10.5599126,3645.41,1740.89,15116647,0
New Brunswick,2022,61.3,,158.1,7.2,158.3692786,"1,281","38,097","38,097,000,000",47099.09763,"808,869",1,"41,057","45,606","86,663",10.71409585,3655.91,1762.34,,
New Brunswick,2023,63.2,,207.3,6.6,156.0576728,"1,297","38,845","38,845,000,000",46739.09251,"831,103",1,"43,052","46,757","89,809",10.80600118,3756.59,1826.63,,
New Brunswick,2024,60.7,,239.2,7,0,,"39,882","39,882,000,000",46466.6495,"858,293",1,"44,732","50,036","94,768",11.04145088,3309.51,1756.65,,
Quebec,2007,664.2,0,0,7.4,198.0266237,"15,233","362,927","362,927,000,000",47179.94384,"7,692,400",0,"494,457","490,487","984,944",12.80411835,3522.87,1077.7,90411648,0
Quebec,2008,694.5,0,0,7.4,198.4509923,"15,403","370,086","370,086,000,000",47681.57757,"7,761,614",0,"506,962","486,846","993,808",12.80414099,3476.66,1087.41,94816497,0
Quebec,2009,729.6,0,0,8.8,198.0133645,"15,532","367,169","367,169,000,000",46809.40576,"7,843,915",0,"511,453","491,351","1,002,804",12.78448326,3378.43,1087.54,93758585,0
Quebec,2010,769.8,0,0,8.2,196.5576805,"15,586","374,502","374,502,000,000",47229.08025,"7,929,479",0,"506,634","504,254","1,010,888",12.74847944,3109.81,1064.25,99589522,0
Quebec,2011,817,0,0,8,197.4081344,"15,802","381,523","381,523,000,000",47662.159,"8,004,736",0,"495,405","519,970","1,015,375",12.68467817,2851.81,1040.18,102555682,0
Quebec,2012,870.2,0,0,7.9,198.2319059,"15,977","385,706","385,706,000,000",47855.81492,"8,059,752",0,"479,599","529,717","1,009,316",12.52291634,2718.28,1051.9,103755179,0
Quebec,2013,904.2,0,0,7.8,197.3405518,"16,002","390,851","390,851,000,000",48200.69492,"8,108,825",0,"464,303","535,908","1,000,211",12.33484506,2352.06,984.87,106889669,0
Quebec,2014,936.6,0,0,7.9,198.7595021,"16,194","397,068","397,068,000,000",48734.74002,"8,147,535",0,"449,406","534,544","983,950",12.07665877,2114.84,947.55,109627887,0
Quebec,2015,967.6,0,0,7.7,195.8476434,"16,012","400,611","400,611,000,000",48999.95022,"8,175,743",0,"438,576","525,984","964,560",11.79782682,2024.51,966.02,111754746,0
Quebec,2016,963.1,0,0,7.2,194.0052299,"15,957","407,036","407,036,000,000",49487.44297,"8,225,036",0,"429,985","517,981","947,966",11.52537205,1897.82,1013.7,119181243,0
Quebec,2017,937,0,0,6.1,191.5389097,"15,884","418,675","418,675,000,000",50486.37184,"8,292,832",0,"423,143","512,103","935,246",11.27776374,1867.02,1064.74,125851988,0
Quebec,2018,942.8,24.98,38.5,5.5,189.0317471,"15,854","430,244","430,244,000,000",51299.2147,"8,386,951",1,"420,956","506,386","927,342",11.05696218,1774.67,1076.76,130727551,0
Quebec,2019,794.8,24.98,275.1,5.1,184.4472112,"15,647","442,435","442,435,000,000",52154.3439,"8,483,186",1,"425,037","504,104","929,141",10.95273639,1720.59,1129.95,132396112,0
Quebec,2020,652.3,24.98,576.9,8.9,185.75,,"421,445","421,445,000,000",49285.50086,"8,551,095",1,"427,907","499,297","927,204",10.84310255,1558.82,1120.69,132870137,0
Quebec,2021,631.2,24.98,690.6,6.1,188.1236861,"16,126","452,009","452,009,000,000",52730.74491,"8,572,020",1,"429,721","481,776","911,497",10.63339796,1618.18,1230.54,152011304,0
Quebec,2022,603.5,,677.6,4.3,187.9477456,"16,295","472,469","472,469,000,000",54494.92691,"8,669,963",1,"443,259","482,972","926,231",10.68321745,1861.57,1280.75,,
Quebec,2023,616.6,,717,4.5,189.8727864,"16,750","475,941","475,941,000,000",53951.19034,"8,821,696",1,"460,783","492,876","953,659",10.81038159,1965.23,1356.52,,
Quebec,2024,589.5,,802.1,5.3,0,,"484,064","484,064,000,000",53811.95032,"8,995,474",1,"480,136","510,953","991,089",11.01764065,1860.65,1424.31,,
Ontario,2007,1610.7,0,0,6.4,191.5373698,"24,450","713,004","713,004,000,000",55855.58725,"12,765,133",0,"878,107","879,867","1,757,974",13.77168573,3429.02,1088.74,145977853,0
Ontario,2008,1635.8,0,0,6.6,193.6148771,"24,945","712,990","712,990,000,000",55339.93634,"12,883,824",0,"886,422","880,239","1,766,661",13.71224102,3258.12,1050.17,151696887,0
Ontario,2009,1667.2,0,0,9.2,196.6160166,"25,558","690,852","690,852,000,000",53146.79096,"12,998,941",0,"890,613","887,459","1,778,072",13.6785912,3193.27,1011.66,148109125,0
Ontario,2010,1706,0,0,8.8,200.2514981,"26,306","711,237","711,237,000,000",54142.12528,"13,136,481",0,"894,773","904,064","1,798,837",13.69344652,2967.5,993.19,156276200,0
Ontario,2011,1757.1,0,0,8,198.9617975,"26,387","728,407","728,407,000,000",54922.94161,"13,262,345",0,"896,092","919,741","1,815,833",13.69164352,2760.01,956.97,161858679,0
Ontario,2012,1820.4,0,0,8,196.044552,"26,255","738,001","738,001,000,000",55106.10375,"13,392,364",0,"883,304","936,398","1,819,702",13.58760858,2647.74,909.89,164417315,0
Ontario,2013,1901.3,0,0,7.6,195.0798637,"26,359","748,281","748,281,000,000",55379.3981,"13,511,902",0,"868,919","947,873","1,816,792",13.44586425,2365.06,835.36,168875658,0
Ontario,2014,1977.6,0,0,7.4,192.0139159,"26,148","767,050","767,050,000,000",56327.16622,"13,617,763",0,"856,238","951,841","1,808,079",13.27735693,2281.17,789.4,178470524,0
Ontario,2015,2050.5,0,0,6.8,191.1477127,"26,205","785,866","785,866,000,000",57323.59794,"13,709,293",0,"845,303","948,922","1,794,225",13.08765521,2289.98,793,187934866,0
Ontario,2016,2051.5,0,0,6.6,188.5778114,"26,168","802,365","802,365,000,000",57821.8571,"13,876,500",0,"842,395","958,411","1,800,806",12.97737902,2314.55,805.83,200885536,0
Ontario,2017,2009.3,0,0,6.1,184.543821,"25,981","824,979","824,979,000,000",58598.50542,"14,078,499",0,"842,151","983,169","1,825,320",12.96530262,2426.6,853.56,216411105,0
Ontario,2018,2042.7,26.9,27.8,5.7,176.7812454,"25,327","852,029","852,029,000,000",59471.21559,"14,326,746",1,"844,382","1,014,565","1,858,947",12.97536091,2626.72,904.32,226408703,10000
Ontario,2019,1727.7,26.9,269.7,5.5,174.5900883,"25,444","869,792","869,792,000,000",59682.85728,"14,573,565",1,"844,994","1,033,680","1,878,674",12.89097074,2661.76,940.34,232067719,10000
Ontario,2020,1425.6,26.9,746,9.8,175.55,,"830,265","830,265,000,000",56244.11531,"14,761,811",1,"840,767","1,025,395","1,866,162",12.64182288,2315.08,898.54,223901092,10000
Ontario,2021,1369.8,26.9,1657.8,8.1,175.8465292,"26,100","880,652","880,652,000,000",59333.17918,"14,842,488",1,"824,719","988,890","1,813,609",12.21903632,2352.31,952.12,244687419,10000
Ontario,2022,1389,,2361.6,5.6,172.9498788,"26,212","919,448","919,448,000,000",60666.26744,"15,155,836",1,"856,254","1,028,438","1,884,692",12.43542092,2603.03,1001.32,,
Ontario,2023,1436.3,,2950.8,5.6,170.8238123,"26,704","941,547","941,547,000,000",60230.17076,"15,632,481",1,"890,061","1,099,979","1,990,040",12.730161,2841.22,1068.34,,
Ontario,2024,1385,,2951.9,7,0,,"956,994","956,994,000,000",59275.69111,"16,144,797",1,"914,299","1,171,506","2,085,805",12.91936343,2756.9,1085.08,,
Manitoba,2007,134.5,0,0,4.6,202.5312625,"2,409","57,204","57,204,000,000",48092.97774,"1,189,446",0,"87,400","83,823","171,223",14.39518902,7165.83,2025.95,14016941,0
Manitoba,2008,136,0,0,4.3,201.9591456,"2,419","59,292","59,292,000,000",49502.11519,"1,197,767",0,"87,537","84,083","171,620",14.3283293,6188.73,2041.87,14982526,0
Manitoba,2009,138.3,0,0,5.4,206.6103735,"2,497","59,202","59,202,000,000",48985.77227,"1,208,555",0,"88,007","85,028","173,035",14.31751141,6692.02,2177.83,14919599,0
Manitoba,2010,141.4,0,0,5.4,208.8005885,"2,549","60,653","60,653,000,000",49683.72732,"1,220,782",0,"87,992","86,612","174,604",14.30263552,5749.72,2218.96,15770373,0
Manitoba,2011,145.5,0,0,5.5,210.2398908,"2,593","62,107","62,107,000,000",50356.22405,"1,233,353",0,"87,994","87,889","175,883",14.26055639,4973.38,2092.98,16443105,0
Manitoba,2012,150.5,0,0,5.4,216.6370185,"2,706","63,988","63,988,000,000",51227.52971,"1,249,094",0,"87,322","89,196","176,518",14.13168264,4963.3,2070.12,16613877,0
Manitoba,2013,157.2,0,0,5.5,212.9978558,"2,691","65,845","65,845,000,000",52117.59128,"1,263,393",0,"86,165","90,586","176,751",13.99018358,4307.14,1851.07,17252390,0
Manitoba,2014,163.6,0,0,5.5,207.1354483,"2,646","67,203","67,203,000,000",52608.17661,"1,277,425",0,"85,146","91,384","176,530",13.81920661,4307.14,1723.67,17975292,0
Manitoba,2015,170.2,0,0,5.7,201.144405,"2,602","68,032","68,032,000,000",52591.29962,"1,293,598",0,"85,876","92,663","178,539",13.80173748,4328.57,1820.96,18210421,0
Manitoba,2016,170.8,0,0,6.1,194.6520158,"2,558","69,017","69,017,000,000",52518.75751,"1,314,140",0,"86,665","93,082","179,747",13.67791864,5114.38,1949.18,18890853,0
Manitoba,2017,167.3,0,0,5.3,192.6975712,"2,572","71,285","71,285,000,000",53407.64527,"1,334,734",0,"87,177","94,432","181,609",13.6063815,5243.44,1987.21,20350168,0
Manitoba,2018,168.7,14.5,13.9,6,188.6615307,"2,552","72,648","72,648,000,000",53706.43763,"1,352,687",1,"87,245","96,022","183,267",13.54836706,5592.65,1999.35,20766800,500
Manitoba,2019,143.5,14.5,64.6,5.3,191.3092604,"2,621","73,505","73,505,000,000",53651.99232,"1,370,033",1,"86,797","97,486","184,283",13.45098987,6199.05,2198.41,20891160,500
Manitoba,2020,117.7,14.5,110.2,8.1,187,,"70,493","70,493,000,000",51076.99843,"1,380,132",1,"84,638","98,102","182,740",13.24076248,5530.7,2113.13,20826505,500
Manitoba,2021,113.3,14.5,173.8,6.5,182.7685994,"2,544","71,498","71,498,000,000",51366.31023,"1,391,924",1,"83,363","101,074","184,437",13.25050793,5333.12,2278.5,23603713,500
Manitoba,2022,115,,255.2,4.5,182.6673968,"2,582","74,956","74,956,000,000",53028.72731,"1,413,498",1,"85,427","105,632","191,059",13.51675064,6506.87,2450.36,,
Manitoba,2023,118.5,,298.7,4.9,176.6444032,"2,567","77,035","77,035,000,000",53010.52435,"1,453,202",1,"89,337","109,283","198,620",13.66774887,6258.63,2561.28,,
Manitoba,2024,113.7,,374.8,5.4,0,,"78,307","78,307,000,000",52479.5194,"1,492,144",1,"92,460","111,148","203,608",13.64533182,5930.47,2421.07,,
Saskatchewan,2007,97,0,0,4.4,204.1765379,"2,046","65,052","65,052,000,000",64917.36139,"1,002,074",0,"76,966","73,463","150,429",15.0117656,7738.15,2629.32,13131031,0
Saskatchewan,2008,98.3,0,0,4.2,208.7740129,"2,124","68,463","68,463,000,000",67294.23375,"1,017,368",0,"76,759","74,724","151,483",14.88969576,7042.54,2495.12,14675925,0
Saskatchewan,2009,100.8,0,0,5.1,206.3218563,"2,135","64,812","64,812,000,000",62632.93747,"1,034,791",0,"76,015","76,610","152,625",14.74935518,7149.33,2505.84,14604882,0
Saskatchewan,2010,103.7,0,0,5.3,218.9407528,"2,302","67,843","67,843,000,000",64524.7502,"1,051,426",0,"74,864","78,272","153,136",14.56460084,6856.22,2538.84,15103342,0
Saskatchewan,2011,107.5,0,0,5,216.3915166,"2,306","71,425","71,425,000,000",67024.12869,"1,065,661",0,"73,645","78,936","152,581",14.31796791,6748.05,2365.8,16199019,0
Saskatchewan,2012,111.8,0,0,4.9,212.187386,"2,298","72,645","72,645,000,000",67077.25264,"1,083,005",0,"72,555","79,306","151,861",14.02218826,6170.12,2199.67,17373632,0
Saskatchewan,2013,117.4,0,0,4.2,209.8523208,"2,306","77,398","77,398,000,000",70434.30148,"1,098,868",0,"71,158","79,744","150,902",13.73249562,5730.65,2002.75,18285490,0
Saskatchewan,2014,122.6,0,0,3.9,206.2970047,"2,294","78,958","78,958,000,000",71006.09808,"1,111,989",0,"70,379","78,666","149,045",13.40345993,5700.02,1988.72,19149963,0
Saskatchewan,2015,127.3,0,0,5.2,203.7051889,"2,286","78,293","78,293,000,000",69766.79944,"1,122,210",0,"70,531","77,215","147,746",13.16562854,6296.88,2054.74,18517725,0
Saskatchewan,2016,127.4,0,0,6.5,202.730789,"2,302","78,232","78,232,000,000",68896.76406,"1,135,496",0,"70,467","75,805","146,272",12.88177149,6648.28,2061.3,18803503,0
Saskatchewan,2017,124.6,0,0,6.4,203.9544502,"2,340","80,257","80,257,000,000",69952.01841,"1,147,315",0,"69,805","75,219","145,024",12.64029495,6310.21,2096.72,19621580,0
Saskatchewan,2018,130.9,27.45,7.5,6.1,199.9636744,"2,312","81,590","81,590,000,000",70566.76555,"1,156,210",1,"69,433","74,116","143,549",12.41547816,6518.97,2006.38,19631713,2000
Saskatchewan,2019,108.6,27.45,60.3,5.5,204.4281894,"2,380","81,221","81,221,000,000",69764.12594,"1,164,223",1,"69,892","73,674","143,566",12.33148632,6554.5,2287.88,19851168,2000
Saskatchewan,2020,88.8,27.45,161.5,8.3,202.5,,"77,761","77,761,000,000",66611.21514,"1,167,386",1,"69,405","72,843","142,248",12.18517268,5766.13,2400.41,19905014,2000
Saskatchewan,2021,85.1,27.45,251.8,6.5,203.8175542,"2,380","75,722","75,722,000,000",64846.52453,"1,167,711",1,"69,652","71,911","141,563",12.1231195,6119.49,2477.01,22819349,2000
Saskatchewan,2022,86.2,,337.3,4.6,201.731258,"2,378","83,369","83,369,000,000",70723.85722,"1,178,796",1,"71,630","72,650","144,280",12.23960719,6635.55,2548.85,,
Saskatchewan,2023,88.5,,377,4.7,200.6185463,"2,428","85,939","85,939,000,000",71008.88489,"1,210,257",1,"75,593","75,822","151,415",12.51097907,6797.78,2676.16,,
Saskatchewan,2024,84.8,,402.6,5.4,0,,"88,500","88,500,000,000",70920.96279,"1,247,868",1,"79,292","82,147","161,439",12.93718566,6471.19,2661.5,,
Alberta,2007,414.3,0,0,3.7,162.2867088,"5,703","274,159","274,159,000,000",78015.71418,"3,514,151",0,"249,449","282,310","531,759",15.13193372,6053.05,1497.28,61490228,0
Alberta,2008,428.2,0,0,3.8,159.4604929,"5,734","278,580","278,580,000,000",77472.10345,"3,595,875",0,"250,356","284,597","534,953",14.87685195,5711.54,1541.48,61619602,0
Alberta,2009,442.6,0,0,6.8,168.4964162,"6,199","263,141","263,141,000,000",71524.94829,"3,679,010",0,"249,833","286,043","535,876",14.56576633,5341.83,1528.26,56489152,0
Alberta,2010,459.2,0,0,6.6,177.0583028,"6,608","276,213","276,213,000,000",74009.99543,"3,732,104",0,"247,411","282,729","530,140",14.20485603,4909.05,1474.24,59848858,0
Alberta,2011,475.1,0,0,5.6,176.7825108,"6,696","294,040","294,040,000,000",77630.12167,"3,787,705",0,"247,364","280,522","527,886",13.93682982,4371.41,1403.89,63944957,0
Alberta,2012,493.6,0,0,4.7,175.2864902,"6,787","305,530","305,530,000,000",78908.62142,"3,871,947",0,"245,001","282,590","527,591",13.62598713,4308.17,1389.94,68328012,0
Alberta,2013,523.7,0,0,4.6,173.4056682,"6,899","322,960","322,960,000,000",81175.66982,"3,978,532",0,"244,582","287,272","531,854",13.36809657,4314.56,1290.15,73214445,0
Alberta,2014,553.6,0,0,4.8,171.2701754,"6,990","341,998","341,998,000,000",83796.93483,"4,081,271",0,"245,681","289,790","535,471",13.12020202,4375.79,1266.12,78989802,0
Alberta,2015,579.5,0,0,6.1,172.4035317,"7,155","329,332","329,332,000,000",79354.29757,"4,150,147",0,"246,967","287,339","534,306",12.87438734,5247.47,1316.33,75850945,0
Alberta,2016,580.7,0,0,8.2,174.2850013,"7,312","317,951","317,951,000,000",75785.13462,"4,195,427",0,"247,410","280,698","528,108",12.58770561,5335.91,1282.06,74997263,0
Alberta,2017,567,0,0,8,176.5742889,"7,482","332,256","332,256,000,000",78412.01139,"4,237,310",0,"247,328","275,275","522,603",12.33336716,5538.54,1313,80391447,0
Alberta,2018,575.2,31.8,31.5,6.5,174.9540367,"7,510","338,965","338,965,000,000",78965.77237,"4,292,556",1,"249,925","274,071","523,996",12.20708594,5476.81,1339.41,81992332,400
Alberta,2019,482.3,31.8,246.6,6.9,176.4944803,"7,687","339,281","339,281,000,000",77899.34143,"4,355,377",1,"253,118","275,427","528,545",12.13545923,5894.85,1462.7,81619827,400
Alberta,2020,397.9,31.8,684,11.4,177.05,,"312,726","312,726,000,000",70953.22853,"4,407,495",1,"255,263","275,506","530,769",12.04241865,5070.64,1455.13,79911434,400
Alberta,2021,382.4,31.8,990.1,8.6,178.4033554,"7,906","329,067","329,067,000,000",74255.82716,"4,431,531",1,"256,844","271,127","527,971",11.91396382,4599.4,1519.34,89124180,400
Alberta,2022,387.8,,1174.3,5.8,177.4313603,"8,007","348,375","348,375,000,000",77198.2642,"4,512,731",1,"267,785","275,827","543,612",12.04618667,5061.93,1561.6,,
Alberta,2023,403.3,,1348.3,5.9,170.1369456,"7,977","357,012","357,012,000,000",76145.08115,"4,688,576",1,"281,936","291,443","573,379",12.22927814,4790.02,1619.51,,
Alberta,2024,393.1,,1426.4,7,0,,"367,719","367,719,000,000",74906.65162,"4,909,030",1,"300,077","315,446","615,523",12.53858705,4318.9,1544.29,,
British Columbia,2007,617.6,0,0,4.4,188.1851425,"8,075","229,376","229,376,000,000",53455.30061,"4,290,987",0,"281,123","293,411","574,534",13.38932045,6812.51,1789.84,56936330,0
British Columbia,2008,628.9,0,0,4.8,187.0169667,"8,134","231,000","231,000,000,000",53111.531,"4,349,338",0,"279,880","296,680","576,560",13.25627026,6141.84,1698.87,57793847,0
British Columbia,2009,643.7,0,0,7.8,195.6008292,"8,627","225,497","225,497,000,000",51127.15913,"4,410,513",0,"279,019","301,343","580,362",13.15860536,5593.06,1688.99,55288300,0
British Columbia,2010,661.4,0,0,7.8,198.4522871,"8,862","231,927","231,927,000,000",51936.85804,"4,465,557",0,"279,983","304,769","584,752",13.09471584,5192.14,1592.93,58251049,0
British Columbia,2011,682.1,0,0,7.6,198.7646484,"8,952","238,996","238,996,000,000",53065.18757,"4,503,819",0,"282,507","302,418","584,925",12.98731144,4773.63,1486.57,60089857,0
British Columbia,2012,703.5,0,0,6.9,194.4270517,"8,887","244,610","244,610,000,000",53515.02319,"4,570,866",0,"282,545","311,138","593,683",12.98841401,4766.48,1399.33,61216864,0
British Columbia,2013,732.1,0,0,6.7,191.0703109,"8,856","250,066","250,066,000,000",53952.33555,"4,634,943",0,"278,760","316,641","595,401",12.84591849,4513.9,1236.07,62944157,0
British Columbia,2014,761.5,0,0,6.2,184.013762,"8,672","259,251","259,251,000,000",55011.24517,"4,712,691",0,"276,681","322,079","598,760",12.70526754,4806.65,1130.4,66915908,0
British Columbia,2015,790.6,0,0,6.2,181.9756784,"8,672","264,523","264,523,000,000",55508.24766,"4,765,472",0,"273,112","315,001","588,113",12.34112801,4871.13,1191.76,71609349,0
British Columbia,2016,790.4,0,0,6.1,180.2204322,"8,761","271,919","271,919,000,000",55935.80606,"4,861,269",0,"274,741","318,292","593,033",12.19913977,4890.16,1115.88,77108523,0
British Columbia,2017,772.3,0,0,5.3,181.6707139,"8,964","282,283","282,283,000,000",57209.45352,"4,934,202",0,"274,880","327,733","602,613",12.2129779,4707.23,1085.08,84301816,0
British Columbia,2018,800.2,22,5.3,4.6,184.1473545,"9,246","292,182","292,182,000,000",58192.23701,"5,020,979",1,"276,319","341,620","617,939",12.30714169,4756.02,1176.82,85964138,7500
British Columbia,2019,668.8,22,107.8,4.8,181.7640386,"9,290","299,857","299,857,000,000",58668.69679,"5,111,022",1,"274,804","352,373","627,177",12.27106829,5276.22,1561.59,86486950,7500
British Columbia,2020,551.3,22,428.7,9.1,180.75,,"290,575","290,575,000,000",56137.81493,"5,176,101",1,"271,013","346,906","617,919",11.93792393,4453.95,1551.32,87504057,7500
British Columbia,2021,531.5,22,676.2,6.6,178.3737814,"9,323","312,961","312,961,000,000",59877.76144,"5,226,665",1,"264,216","333,460","597,676",11.4351312,4211.63,1555.73,98567132,7500
British Columbia,2022,639,,855.9,4.6,173.4142339,"9,293","328,091","328,091,000,000",61224.20036,"5,358,845",1,"280,440","339,415","619,855",11.56695146,4163.86,1539.06,,
British Columbia,2023,660.8,,1072.2,5.2,168.0417515,"9,268","337,223","337,223,000,000",61143.22785,"5,515,296",1,"291,127","355,322","646,449",11.72102096,4081.22,1567.75,,
British Columbia,2024,635.9,,1137.7,5.6,0,,"341,012","341,012,000,000",60131.3957,"5,671,114",1,"302,472","375,787","678,259",11.95989007,3821.11,1497.82,,
Yukon,2007,4.4,0,0,5.5,365.535248,119,"2,098","2,098,000,000",64444.78575,"32,555",0,"2,377","2,253","4,630",14.2220857,9699.91,3996.07,502699,0
Yukon,2008,4.5,0,0,5.8,353.6452666,117,"2,311","2,311,000,000",69852.49668,"33,084",0,"2,350","2,303","4,653",14.06420022,10257.5,3835.23,534545,0
Yukon,2009,4.6,0,0,7,361.6636528,122,"2,465","2,465,000,000",73073.8446,"33,733",0,"2,336","2,315","4,651",13.78768565,9098.19,4162.22,526836,0
Yukon,2010,4.7,0,0,7.4,349.7311983,121,"2,560","2,560,000,000",73992.71634,"34,598",0,"2,343","2,366","4,709",13.61061333,8992.37,4231.7,599343,0
Yukon,2011,4.9,0,0,5.9,344.9640898,122,"2,685","2,685,000,000",75920.3755,"35,366",0,"2,263","2,436","4,699",13.28677261,9005.68,4151.25,651663,0
Yukon,2012,5.2,0,0,7.1,329.1748499,119,"2,793","2,793,000,000",77259.2736,"36,151",0,"2,193","2,484","4,677",12.93740146,8641.06,4023.85,669007,0
Yukon,2013,5.3,0,0,6.3,362.1001811,132,"2,840","2,840,000,000",77906.40259,"36,454",0,"2,096","2,487","4,583",12.57200856,9542.46,4175.68,652604,0
Yukon,2014,5.6,0,0,5.1,364.028583,135,"2,861","2,861,000,000",77147.09451,"37,085",0,"2,042","2,437","4,479",12.07765943,9198.37,4478.01,663033,0
Yukon,2015,5.8,0,0,6,345.1113648,130,"2,637","2,637,000,000",70004.51299,"37,669",0,"2,043","2,326","4,369",11.59839656,9575.48,4083.31,697540,0
Yukon,2016,5.8,0,0,6.2,357.98594,138,"2,832","2,832,000,000",73464.94072,"38,549",0,"2,069","2,214","4,283",11.11053464,8973.46,4013.28,626485,0
Yukon,2017,5.7,0,0,4.3,323.7801331,128,"2,883","2,883,000,000",72926.41591,"39,533",0,"2,081","2,293","4,374",11.06417423,9101.26,3718.41,582988,0
Yukon,2018,7.5,15,1.2,3.9,326.7084127,132,"2,952","2,952,000,000",73063.88139,"40,403",1,"2,058","2,358","4,416",10.92988144,9529,3927.93,703073,2050
Yukon,2019,4.7,15,5.1,4.1,318.0615243,131,"2,912","2,912,000,000",70701.92051,"41,187",1,"2,063","2,345","4,408",10.7024061,11076.31,5071.99,872226,2050
Yukon,2020,4,15,7.5,5.6,320.2,,"2,962","2,962,000,000",70594.40393,"41,958",1,"2,127","2,357","4,484",10.68687735,10748.84,5136.09,900497,2050
Yukon,2021,3.9,15,9.5,6.3,325.8769582,140,"3,239","3,239,000,000",75393.96197,"42,961",1,"2,176","2,471","4,647",10.81678732,10297.71,5111.61,963454,2050
Yukon,2022,4.2,,12.3,4.4,319.1319611,140,"3,339","3,339,000,000",76112.97271,"43,869",1,"2,251","2,538","4,789",10.91659258,10282.46,5239.18,,
Yukon,2023,4.4,,15.7,3.5,321.451375,146,"3,383","3,383,000,000",74484.24668,"45,419",1,"2,324","2,662","4,986",10.97778463,11244.31,4982.07,,
Yukon,2024,4.2,,19.5,4.3,0,,"3,300","3,300,000,000",69335.01418,"47,595",1,"2,394","3,140","5,534",11.62727177,11348.06,4958.89,,
Northwest Territories,2007,6.4,0,0,6.6,403.2629735,175,"5,556","5,556,000,000",128030.2332,"43,396",0,"3,709","3,461","7,170",16.52226012,20304.79,9279.75,678171,0
Northwest Territories,2008,6.4,0,0,6.7,410.2800507,178,"5,031","5,031,000,000",115961.7379,"43,385",0,"3,665","3,597","7,262",16.73850409,20486.74,8855.82,705688,0
Northwest Territories,2009,6.4,0,0,7.5,454.0084779,196,"4,492","4,492,000,000",104051.3308,"43,171",0,"3,651","3,589","7,240",16.77051725,20021.32,8667.64,693226,0
Northwest Territories,2010,6.4,0,0,7.6,466.5989097,202,"4,601","4,601,000,000",106278.2962,"43,292",0,"3,609","3,611","7,220",16.67744618,22676.65,8588.66,709677,0
Northwest Territories,2011,6.5,0,0,8.5,452.9464512,197,"4,187","4,187,000,000",96268.36502,"43,493",0,"3,570","3,631","7,201",16.55668728,23294.41,8573.92,727165,0
Northwest Territories,2012,6.6,0,0,8.3,456.1709151,199,"4,173","4,173,000,000",95658.3532,"43,624",0,"3,421","3,640","7,061",16.18604438,23840.73,7943.09,753578,0
Northwest Territories,2013,6.8,0,0,7.9,438.6165304,192,"4,295","4,295,000,000",98117.60406,"43,774",0,"3,206","3,597","6,803",15.54118883,24097.71,7448.92,759380,0
Northwest Territories,2014,6.9,0,0,8.1,437.8463433,192,"4,497","4,497,000,000",102551.8232,"43,851",0,"2,973","3,589","6,562",14.96431096,23088.14,6929.63,780507,0
Northwest Territories,2015,7.2,0,0,9.1,454.268086,201,"4,539","4,539,000,000",102583.226,"44,247",0,"2,894","3,455","6,349",14.34899541,23367.32,7685.87,618848,0
Northwest Territories,2016,7.1,0,0,7.9,445.9483686,199,"4,475","4,475,000,000",100282.3593,"44,624",0,"2,867","3,314","6,181",13.85129079,20609.99,7809.7,753548,0
Northwest Territories,2017,6.8,0,0,7.4,409.7993551,183,"4,628","4,628,000,000",103636.6894,"44,656",0,"2,757","3,296","6,053",13.55472949,19862.95,8469.19,768802,0
Northwest Territories,2018,7,15,0.8,7.7,417.6396623,186,"4,684","4,684,000,000",105173.3429,"44,536",1,"2,683","3,174","5,857",13.15115861,20873,8730.02,786723,1000
Northwest Territories,2019,6,15,3,6.9,436.5240088,194,"4,502","4,502,000,000",101300.5715,"44,442",1,"2,715","2,999","5,714",12.85720715,25451.15,11205.62,775924,1000
Northwest Territories,2020,4.8,15,5,9.5,425.75,,"4,097","4,097,000,000",92059.14075,"44,504",1,"2,687","2,951","5,638",12.66852418,29684.97,11792.2,861276,1000
Northwest Territories,2021,4.7,15,8.4,6,430.6960677,192,"4,238","4,238,000,000",95067.1841,"44,579",1,"2,722","2,881","5,603",12.56869827,28141.05,12373.54,888724,1000
Northwest Territories,2022,4.8,,10.8,5,436.9160449,195,"4,217","4,217,000,000",94485.89545,"44,631",1,"2,766","2,851","5,617",12.58542269,28498.45,12622.99,,
Northwest Territories,2023,4.9,,13.1,6,437.0825301,195,"4,238","4,238,000,000",94992.60322,"44,614",1,"2,772","2,891","5,663",12.69332497,30399.95,11691.77,,
Northwest Territories,2024,4.5,,13.6,5.8,0,,"4,205","4,205,000,000",92913.80339,"45,257",1,"2,773","3,179","5,952",13.15155667,30010.51,11931.32,,
Nunavut,2007,5.1,0,0,10.1,391.7946104,123,"1,740","1,740,000,000",55424.60343,"31,394",0,"3,311","2,806","6,117",19.48461489,13632.74,9039.66,278105,0
Nunavut,2008,5.1,0,0,13.1,373.064142,119,"1,981","1,981,000,000",62104.20716,"31,898",0,"3,336","2,898","6,234",19.54354505,15624.61,9648.19,308771,0
Nunavut,2009,5.3,0,0,13.3,383.3885413,125,"1,849","1,849,000,000",56710.83303,"32,604",0,"3,399","3,012","6,411",19.66323151,16607.36,9248.47,324273,0
Nunavut,2010,5.4,0,0,16.3,395.6953146,132,"2,191","2,191,000,000",65679.42684,"33,359",0,"3,391","3,094","6,485",19.44003118,16748.12,10217.97,341431,0
Nunavut,2011,5.6,0,0,16.7,380.2837502,130,"2,310","2,310,000,000",67573.49715,"34,185",0,"3,361","3,196","6,557",19.18092731,16190.92,9607.51,299200,0
Nunavut,2012,5.8,0,0,15.7,360.6670898,125,"2,363","2,363,000,000",68180.50667,"34,658",0,"3,269","3,255","6,524",18.82393675,16116.75,9777.34,338326,0
Nunavut,2013,6.1,0,0,15.1,362.29833,128,"2,589","2,589,000,000",73280.49816,"35,330",0,"3,229","3,276","6,505",18.41211435,13071.29,8767.01,353841,0
Nunavut,2014,6.3,0,0,14.8,330.868042,119,"2,557","2,557,000,000",71094.92298,"35,966",0,"3,155","3,248","6,403",17.80292498,14047.43,8153.79,358205,0
Nunavut,2015,6.6,0,0,16,359.0024664,131,"2,549","2,549,000,000",69854.75473,"36,490",0,"3,183","3,215","6,398",17.53357084,15257.07,8054.7,367634,0
Nunavut,2016,6.6,0,0,14.9,354.2551178,131,"2,679","2,679,000,000",72446.5237,"36,979",0,"3,170","3,108","6,278",16.97720328,15230.27,8191.14,431710,0
Nunavut,2017,6.4,0,0,15.2,355.8529849,134,"3,032","3,032,000,000",80518.37689,"37,656",0,"3,200","3,144","6,344",16.84724878,15421.18,8277.57,442295,0
Nunavut,2018,6.5,34.3,0,14,354.887532,136,"3,170","3,170,000,000",82720.10855,"38,322",1,"3,235","3,189","6,424",16.76321695,16554.46,8830.44,455075,2000
Nunavut,2019,6.8,34.3,0,14,347.5887639,135,"3,416","3,416,000,000",87952.83092,"38,839",1,"3,346","3,208","6,554",16.8747908,20458.82,11071.35,485151,2000
Nunavut,2020,5.7,34.3,0.6,15.6,358.75,,"3,493","3,493,000,000",88477.41837,"39,479",1,"3,362","3,238","6,600",16.71774868,22252.34,12191.29,556417,2000
Nunavut,2021,5.5,34.3,1.2,10.4,364.2169336,146,"3,724","3,724,000,000",92900.26443,"40,086",1,"3,329","3,207","6,536",16.30494437,27241.43,11879.46,555107,2000
Nunavut,2022,5.5,,3.1,14.1,371.8937024,151,"3,829","3,829,000,000",94303.3766,"40,603",1,"3,431","3,221","6,652",16.38302588,26386.04,12512.05,,
Nunavut,2023,5.7,,6.8,13.2,342.1644345,140,"3,967","3,967,000,000",96954.73653,"40,916",1,"3,478","3,246","6,724",16.43366898,29361.18,13341.52,,
Nunavut,2024,5.4,,12.6,8.3,0,,"4,241","4,241,000,000",102414.8756,"41,410",1,"3,523","3,292","6,815",16.45737745,27493.38,12767.56,,